purchase_id,customer_id,product_name,purchase_date,price
1,524,Laptop,2024-06-20,1000
2,309,Printer,2024-05-04,150
3,721,Monitor,2024-06-16,200
4,258,Keyboard,2024-05-12,30
5,875,Mouse,2024-01-14,20
6,195,Mouse,2024-01-08,20
7,733,Printer,2024-03-09,150
8,478,Headphones,2024-04-24,50
9,375,Tablet,2024-03-05,300
10,557,Camera,2024-02-06,400
11,451,Headphones,2024-03-11,50
12,606,Tablet,2024-06-08,300
13,805,Mouse,2024-02-22,20
14,13,Camera,2024-02-19,400
15,487,Keyboard,2024-04-16,30
16,197,Printer,2024-02-08,150
17,903,Mouse,2024-05-01,20
18,518,Mouse,2024-05-28,20
19,828,Mouse,2024-02-29,20
20,732,Mouse,2024-02-29,20
21,354,Keyboard,2024-02-12,30
22,92,Tablet,2024-02-20,300
23,568,Tablet,2024-04-02,300
24,495,Headphones,2024-01-14,50
25,650,Laptop,2024-03-13,1000
26,968,Monitor,2024-03-13,200
27,209,Laptop,2024-03-25,1000
28,922,Printer,2024-01-12,150
29,602,Laptop,2024-02-21,1000
30,514,Camera,2024-01-25,400
31,763,Mouse,2024-05-18,20
32,696,Mouse,2024-03-30,20
33,985,Monitor,2024-03-15,200
34,514,Monitor,2024-05-25,200
35,768,Smartphone,2024-04-03,500
36,203,Camera,2024-02-29,400
37,418,Tablet,2024-01-03,300
38,129,Camera,2024-03-01,400
39,524,Smartphone,2024-06-15,500
40,648,Camera,2024-03-13,400
41,662,Mouse,2024-01-09,20
42,58,Printer,2024-04-25,150
43,212,Monitor,2024-04-29,200
44,556,Keyboard,2024-05-09,30
45,953,Smartphone,2024-01-25,500
46,315,Mouse,2024-05-23,20
47,426,Mouse,2024-04-23,20
48,359,Tablet,2024-02-04,300
49,62,Tablet,2024-06-01,300
50,947,Smartphone,2024-03-21,500
51,745,Tablet,2024-05-13,300
52,921,Mouse,2024-03-21,20
53,206,Laptop,2024-02-24,1000
54,875,Camera,2024-03-30,400
55,410,Printer,2024-06-02,150
56,695,Laptop,2024-04-17,1000
57,727,Laptop,2024-06-25,1000
58,272,Smartphone,2024-04-15,500
59,60,Printer,2024-04-04,150
60,197,Camera,2024-02-27,400
61,289,Tablet,2024-05-25,300
62,324,Tablet,2024-01-10,300
63,757,Monitor,2024-02-01,200
64,968,Smartphone,2024-04-25,500
65,528,Mouse,2024-04-23,20
66,352,Laptop,2024-05-08,1000
67,471,Mouse,2024-05-09,20
68,527,Laptop,2024-03-24,1000
69,981,Headphones,2024-03-17,50
70,738,Smartphone,2024-02-04,500
71,794,Headphones,2024-04-20,50
72,325,Smartphone,2024-02-02,500
73,85,Tablet,2024-03-28,300
74,633,Keyboard,2024-05-15,30
75,985,Laptop,2024-05-03,1000
76,658,Laptop,2024-05-12,1000
77,775,Monitor,2024-04-27,200
78,709,Camera,2024-03-10,400
79,314,Laptop,2024-02-16,1000
80,40,Printer,2024-05-15,150
81,894,Monitor,2024-05-21,200
82,646,Mouse,2024-03-06,20
83,985,Keyboard,2024-05-31,30
84,57,Headphones,2024-03-18,50
85,126,Laptop,2024-06-29,1000
86,819,Mouse,2024-02-13,20
87,431,Camera,2024-05-21,400
88,773,Laptop,2024-05-23,1000
89,85,Tablet,2024-03-11,300
90,443,Printer,2024-02-01,150
91,851,Mouse,2024-03-07,20
92,378,Keyboard,2024-04-30,30
93,475,Headphones,2024-03-28,50
94,563,Laptop,2024-03-20,1000
95,513,Laptop,2024-03-05,1000
96,217,Keyboard,2024-04-24,30
97,879,Mouse,2024-06-17,20
98,892,Mouse,2024-03-05,20
99,585,Printer,2024-05-11,150
100,941,Tablet,2024-04-22,300
101,871,Monitor,2024-03-14,200
102,132,Monitor,2024-03-11,200
103,32,Headphones,2024-06-11,50
104,651,Smartphone,2024-01-31,500
105,793,Smartphone,2024-06-05,500
106,924,Tablet,2024-02-09,300
107,948,Keyboard,2024-01-03,30
108,508,Headphones,2024-02-17,50
109,532,Tablet,2024-02-07,300
110,586,Headphones,2024-05-04,50
111,930,Smartphone,2024-05-25,500
112,219,Mouse,2024-05-08,20
113,681,Mouse,2024-01-07,20
114,389,Laptop,2024-05-08,1000
115,546,Mouse,2024-05-20,20
116,386,Mouse,2024-05-22,20
117,408,Printer,2024-04-07,150
118,48,Monitor,2024-01-10,200
119,422,Mouse,2024-04-29,20
120,869,Laptop,2024-03-17,1000
121,762,Monitor,2024-05-01,200
122,476,Smartphone,2024-05-09,500
123,126,Smartphone,2024-03-21,500
124,517,Headphones,2024-03-02,50
125,973,Mouse,2024-04-04,20
126,935,Printer,2024-05-16,150
127,98,Monitor,2024-02-17,200
128,333,Headphones,2024-01-29,50
129,908,Keyboard,2024-05-08,30
130,114,Smartphone,2024-03-29,500
131,192,Camera,2024-02-10,400
132,419,Keyboard,2024-04-14,30
133,365,Laptop,2024-05-11,1000
134,461,Laptop,2024-01-10,1000
135,666,Smartphone,2024-04-26,500
136,675,Laptop,2024-05-14,1000
137,616,Mouse,2024-06-10,20
138,709,Smartphone,2024-03-30,500
139,225,Keyboard,2024-05-20,30
140,519,Keyboard,2024-03-13,30
141,279,Headphones,2024-02-15,50
142,124,Mouse,2024-07-03,20
143,544,Tablet,2024-03-29,300
144,703,Laptop,2024-01-05,1000
145,495,Mouse,2024-03-09,20
146,577,Mouse,2024-06-30,20
147,793,Smartphone,2024-04-10,500
148,368,Monitor,2024-02-11,200
149,258,Tablet,2024-01-04,300
150,460,Headphones,2024-05-29,50
151,436,Keyboard,2024-04-06,30
152,501,Smartphone,2024-06-06,500
153,818,Laptop,2024-01-21,1000
154,629,Monitor,2024-02-22,200
155,460,Printer,2024-01-13,150
156,404,Tablet,2024-03-16,300
157,148,Mouse,2024-04-17,20
158,998,Printer,2024-04-14,150
159,224,Printer,2024-02-20,150
160,15,Monitor,2024-03-01,200
161,889,Tablet,2024-03-04,300
162,453,Laptop,2024-04-22,1000
163,457,Printer,2024-03-31,150
164,401,Mouse,2024-02-01,20
165,369,Camera,2024-02-02,400
166,258,Mouse,2024-05-12,20
167,792,Camera,2024-04-18,400
168,741,Camera,2024-06-19,400
169,113,Tablet,2024-01-26,300
170,788,Printer,2024-05-26,150
171,477,Mouse,2024-04-24,20
172,925,Mouse,2024-03-26,20
173,101,Monitor,2024-05-25,200
174,597,Smartphone,2024-03-27,500
175,5,Mouse,2024-06-15,20
176,848,Headphones,2024-06-17,50
177,519,Laptop,2024-02-28,1000
178,178,Laptop,2024-02-02,1000
179,179,Printer,2024-06-18,150
180,819,Smartphone,2024-05-01,500
181,810,Printer,2024-06-30,150
182,232,Tablet,2024-02-15,300
183,316,Smartphone,2024-05-08,500
184,896,Keyboard,2024-05-29,30
185,710,Keyboard,2024-05-25,30
186,317,Printer,2024-02-08,150
187,273,Camera,2024-06-29,400
188,879,Laptop,2024-07-02,1000
189,889,Camera,2024-01-16,400
190,673,Mouse,2024-01-14,20
191,719,Laptop,2024-06-27,1000
192,391,Keyboard,2024-04-09,30
193,944,Printer,2024-06-24,150
194,363,Tablet,2024-04-09,300
195,979,Laptop,2024-04-21,1000
196,468,Laptop,2024-01-04,1000
197,950,Headphones,2024-01-30,50
198,393,Keyboard,2024-06-01,30
199,306,Mouse,2024-03-05,20
200,35,Keyboard,2024-05-17,30
201,784,Printer,2024-01-27,150
202,56,Smartphone,2024-07-01,500
203,886,Keyboard,2024-02-12,30
204,763,Laptop,2024-01-30,1000
205,29,Laptop,2024-01-14,1000
206,49,Smartphone,2024-04-26,500
207,759,Headphones,2024-05-19,50
208,64,Keyboard,2024-03-05,30
209,428,Smartphone,2024-04-20,500
210,935,Smartphone,2024-05-27,500
211,268,Printer,2024-01-29,150
212,948,Headphones,2024-04-27,50
213,658,Smartphone,2024-04-05,500
214,767,Headphones,2024-03-05,50
215,799,Laptop,2024-05-12,1000
216,281,Monitor,2024-06-20,200
217,656,Headphones,2024-05-10,50
218,475,Keyboard,2024-04-15,30
219,699,Keyboard,2024-06-24,30
220,863,Laptop,2024-02-17,1000
221,421,Smartphone,2024-05-24,500
222,747,Camera,2024-03-06,400
223,309,Keyboard,2024-05-04,30
224,789,Camera,2024-03-14,400
225,844,Keyboard,2024-05-28,30
226,828,Laptop,2024-03-08,1000
227,609,Camera,2024-04-12,400
228,191,Monitor,2024-04-16,200
229,230,Printer,2024-04-01,150
230,177,Headphones,2024-04-04,50
231,736,Laptop,2024-03-28,1000
232,267,Keyboard,2024-05-21,30
233,603,Monitor,2024-05-31,200
234,108,Laptop,2024-05-31,1000
235,889,Laptop,2024-06-28,1000
236,632,Mouse,2024-02-06,20
237,955,Laptop,2024-06-24,1000
238,995,Monitor,2024-01-31,200
239,317,Camera,2024-05-13,400
240,146,Mouse,2024-05-07,20
241,963,Monitor,2024-04-23,200
242,643,Camera,2024-02-17,400
243,521,Mouse,2024-02-09,20
244,703,Tablet,2024-01-01,300
245,30,Printer,2024-01-05,150
246,988,Smartphone,2024-03-29,500
247,245,Headphones,2024-02-26,50
248,659,Headphones,2024-06-14,50
249,272,Smartphone,2024-03-14,500
250,737,Smartphone,2024-06-18,500
251,989,Smartphone,2024-03-30,500
252,533,Keyboard,2024-06-10,30
253,122,Monitor,2024-01-31,200
254,229,Camera,2024-01-29,400
255,576,Keyboard,2024-06-26,30
256,113,Mouse,2024-03-10,20
257,435,Printer,2024-06-11,150
258,171,Tablet,2024-01-01,300
259,671,Mouse,2024-02-10,20
260,821,Printer,2024-05-16,150
261,628,Tablet,2024-01-09,300
262,726,Camera,2024-03-12,400
263,950,Camera,2024-03-20,400
264,601,Mouse,2024-06-07,20
265,716,Camera,2024-06-05,400
266,825,Mouse,2024-06-14,20
267,563,Camera,2024-01-25,400
268,719,Printer,2024-04-14,150
269,571,Mouse,2024-03-20,20
270,237,Mouse,2024-01-28,20
271,316,Tablet,2024-02-12,300
272,863,Laptop,2024-05-15,1000
273,780,Mouse,2024-06-27,20
274,816,Mouse,2024-04-28,20
275,771,Camera,2024-03-14,400
276,286,Printer,2024-03-28,150
277,101,Camera,2024-02-23,400
278,942,Tablet,2024-04-03,300
279,90,Camera,2024-03-04,400
280,778,Keyboard,2024-01-23,30
281,703,Smartphone,2024-02-15,500
282,890,Monitor,2024-01-12,200
283,315,Smartphone,2024-02-11,500
284,165,Monitor,2024-04-11,200
285,792,Monitor,2024-05-04,200
286,816,Headphones,2024-06-02,50
287,797,Camera,2024-03-23,400
288,725,Printer,2024-03-02,150
289,329,Headphones,2024-05-02,50
290,413,Laptop,2024-06-07,1000
291,866,Headphones,2024-04-14,50
292,993,Headphones,2024-06-02,50
293,347,Monitor,2024-03-22,200
294,665,Headphones,2024-04-01,50
295,492,Laptop,2024-05-11,1000
296,652,Keyboard,2024-04-22,30
297,159,Smartphone,2024-06-22,500
298,955,Keyboard,2024-05-16,30
299,376,Monitor,2024-03-13,200
300,907,Camera,2024-03-29,400
301,218,Tablet,2024-06-04,300
302,189,Monitor,2024-02-09,200
303,392,Monitor,2024-06-17,200
304,892,Camera,2024-05-15,400
305,517,Laptop,2024-02-06,1000
306,463,Monitor,2024-02-02,200
307,317,Headphones,2024-03-22,50
308,764,Printer,2024-02-16,150
309,476,Tablet,2024-01-09,300
310,115,Printer,2024-01-06,150
311,240,Printer,2024-04-14,150
312,16,Tablet,2024-05-07,300
313,699,Monitor,2024-02-13,200
314,417,Headphones,2024-03-09,50
315,719,Tablet,2024-03-10,300
316,389,Keyboard,2024-06-21,30
317,996,Monitor,2024-05-18,200
318,862,Laptop,2024-03-26,1000
319,739,Tablet,2024-02-01,300
320,836,Printer,2024-05-27,150
321,159,Laptop,2024-01-01,1000
322,643,Smartphone,2024-06-18,500
323,683,Monitor,2024-06-02,200
324,855,Tablet,2024-03-08,300
325,823,Mouse,2024-01-06,20
326,719,Headphones,2024-06-25,50
327,290,Printer,2024-04-11,150
328,110,Monitor,2024-05-07,200
329,942,Camera,2024-02-01,400
330,106,Monitor,2024-06-17,200
331,474,Laptop,2024-05-24,1000
332,517,Mouse,2024-06-02,20
333,577,Tablet,2024-06-19,300
334,608,Keyboard,2024-05-29,30
335,490,Mouse,2024-01-18,20
336,267,Monitor,2024-04-08,200
337,981,Monitor,2024-01-31,200
338,242,Keyboard,2024-06-08,30
339,964,Mouse,2024-05-11,20
340,882,Printer,2024-05-27,150
341,101,Smartphone,2024-02-12,500
342,275,Keyboard,2024-03-13,30
343,390,Mouse,2024-05-01,20
344,283,Mouse,2024-04-12,20
345,826,Monitor,2024-05-08,200
346,480,Headphones,2024-03-01,50
347,852,Laptop,2024-06-30,1000
348,529,Keyboard,2024-05-14,30
349,902,Camera,2024-02-13,400
350,347,Headphones,2024-05-04,50
351,128,Headphones,2024-06-13,50
352,429,Mouse,2024-03-11,20
353,915,Printer,2024-05-24,150
354,157,Headphones,2024-05-27,50
355,887,Camera,2024-04-14,400
356,87,Mouse,2024-02-14,20
357,266,Headphones,2024-04-04,50
358,262,Printer,2024-01-13,150
359,630,Smartphone,2024-03-06,500
360,149,Mouse,2024-06-28,20
361,203,Keyboard,2024-01-31,30
362,301,Headphones,2024-06-07,50
363,621,Headphones,2024-02-16,50
364,835,Mouse,2024-01-03,20
365,230,Printer,2024-03-26,150
366,173,Camera,2024-02-21,400
367,805,Printer,2024-03-09,150
368,757,Camera,2024-02-08,400
369,605,Headphones,2024-01-16,50
370,124,Tablet,2024-05-23,300
371,448,Printer,2024-03-25,150
372,976,Mouse,2024-03-01,20
373,210,Smartphone,2024-01-04,500
374,602,Mouse,2024-04-20,20
375,374,Printer,2024-04-02,150
376,479,Tablet,2024-03-31,300
377,50,Smartphone,2024-01-28,500
378,828,Smartphone,2024-06-18,500
379,632,Camera,2024-04-08,400
380,779,Mouse,2024-03-01,20
381,897,Monitor,2024-01-11,200
382,715,Tablet,2024-01-22,300
383,131,Headphones,2024-06-11,50
384,561,Mouse,2024-05-30,20
385,214,Laptop,2024-06-06,1000
386,795,Laptop,2024-06-15,1000
387,7,Printer,2024-01-21,150
388,52,Smartphone,2024-04-20,500
389,78,Headphones,2024-01-09,50
390,709,Keyboard,2024-03-05,30
391,496,Keyboard,2024-05-09,30
392,1,Keyboard,2024-05-04,30
393,418,Camera,2024-07-03,400
394,774,Printer,2024-02-08,150
395,33,Laptop,2024-03-24,1000
396,180,Laptop,2024-04-07,1000
397,259,Keyboard,2024-03-31,30
398,377,Monitor,2024-06-22,200
399,705,Camera,2024-03-17,400
400,75,Tablet,2024-02-14,300
401,718,Mouse,2024-03-17,20
402,313,Smartphone,2024-02-28,500
403,284,Smartphone,2024-06-29,500
404,596,Smartphone,2024-04-11,500
405,974,Camera,2024-06-07,400
406,228,Mouse,2024-01-16,20
407,105,Mouse,2024-05-01,20
408,112,Mouse,2024-03-31,20
409,201,Laptop,2024-01-22,1000
410,38,Mouse,2024-05-17,20
411,660,Headphones,2024-02-04,50
412,603,Laptop,2024-02-03,1000
413,935,Monitor,2024-04-06,200
414,462,Mouse,2024-04-08,20
415,627,Smartphone,2024-06-08,500
416,217,Mouse,2024-01-24,20
417,791,Headphones,2024-05-25,50
418,873,Laptop,2024-01-26,1000
419,83,Monitor,2024-03-27,200
420,301,Headphones,2024-03-22,50
421,755,Smartphone,2024-05-03,500
422,524,Laptop,2024-05-26,1000
423,958,Camera,2024-01-08,400
424,835,Monitor,2024-04-17,200
425,559,Smartphone,2024-01-16,500
426,564,Monitor,2024-02-21,200
427,126,Laptop,2024-05-28,1000
428,273,Smartphone,2024-04-13,500
429,196,Laptop,2024-03-17,1000
430,828,Smartphone,2024-05-02,500
431,95,Printer,2024-06-20,150
432,678,Keyboard,2024-06-21,30
433,892,Laptop,2024-05-25,1000
434,787,Laptop,2024-01-21,1000
435,219,Tablet,2024-06-16,300
436,488,Tablet,2024-07-03,300
437,205,Printer,2024-04-01,150
438,129,Smartphone,2024-06-25,500
439,948,Headphones,2024-01-13,50
440,957,Smartphone,2024-05-11,500
441,495,Camera,2024-02-23,400
442,797,Laptop,2024-03-19,1000
443,309,Laptop,2024-01-30,1000
444,197,Monitor,2024-04-28,200
445,665,Camera,2024-01-11,400
446,906,Laptop,2024-04-10,1000
447,365,Printer,2024-03-20,150
448,945,Keyboard,2024-01-30,30
449,255,Mouse,2024-06-18,20
450,392,Smartphone,2024-01-20,500
451,923,Laptop,2024-04-03,1000
452,890,Mouse,2024-07-01,20
453,110,Tablet,2024-06-16,300
454,175,Monitor,2024-02-03,200
455,5,Laptop,2024-01-11,1000
456,621,Keyboard,2024-04-01,30
457,250,Smartphone,2024-04-09,500
458,541,Monitor,2024-05-02,200
459,476,Mouse,2024-01-18,20
460,430,Keyboard,2024-06-29,30
461,186,Printer,2024-01-12,150
462,243,Smartphone,2024-05-11,500
463,942,Mouse,2024-03-08,20
464,751,Monitor,2024-04-02,200
465,311,Smartphone,2024-01-02,500
466,228,Keyboard,2024-02-22,30
467,199,Mouse,2024-04-02,20
468,130,Printer,2024-01-06,150
469,232,Keyboard,2024-03-08,30
470,725,Camera,2024-02-25,400
471,922,Printer,2024-06-24,150
472,283,Monitor,2024-04-17,200
473,159,Smartphone,2024-05-17,500
474,558,Monitor,2024-02-15,200
475,255,Smartphone,2024-06-24,500
476,16,Laptop,2024-03-03,1000
477,392,Printer,2024-01-30,150
478,343,Keyboard,2024-05-18,30
479,686,Monitor,2024-06-25,200
480,538,Camera,2024-01-26,400
481,219,Monitor,2024-03-03,200
482,653,Headphones,2024-06-15,50
483,886,Tablet,2024-06-16,300
484,809,Tablet,2024-04-12,300
485,934,Tablet,2024-06-21,300
486,617,Headphones,2024-03-05,50
487,417,Printer,2024-01-11,150
488,216,Keyboard,2024-03-19,30
489,878,Headphones,2024-03-11,50
490,584,Headphones,2024-06-17,50
491,590,Monitor,2024-02-19,200
492,775,Smartphone,2024-05-08,500
493,292,Camera,2024-01-09,400
494,739,Monitor,2024-05-13,200
495,769,Laptop,2024-01-21,1000
496,616,Mouse,2024-02-21,20
497,404,Smartphone,2024-06-25,500
498,128,Tablet,2024-01-30,300
499,858,Keyboard,2024-04-23,30
500,452,Camera,2024-03-06,400
501,587,Camera,2024-02-10,400
502,127,Camera,2024-05-28,400
503,664,Smartphone,2024-02-16,500
504,204,Keyboard,2024-06-15,30
505,14,Keyboard,2024-01-19,30
506,564,Mouse,2024-02-15,20
507,670,Tablet,2024-05-28,300
508,246,Keyboard,2024-03-07,30
509,118,Headphones,2024-03-11,50
510,973,Headphones,2024-03-01,50
511,354,Smartphone,2024-06-26,500
512,27,Mouse,2024-01-19,20
513,4,Smartphone,2024-06-15,500
514,491,Camera,2024-01-22,400
515,782,Smartphone,2024-04-13,500
516,274,Mouse,2024-03-20,20
517,349,Laptop,2024-04-30,1000
518,296,Smartphone,2024-05-15,500
519,368,Camera,2024-01-24,400
520,716,Monitor,2024-04-22,200
521,249,Monitor,2024-04-15,200
522,294,Camera,2024-02-04,400
523,553,Smartphone,2024-02-16,500
524,625,Smartphone,2024-03-15,500
525,666,Headphones,2024-01-20,50
526,749,Tablet,2024-04-17,300
527,205,Mouse,2024-06-23,20
528,614,Printer,2024-04-03,150
529,455,Laptop,2024-02-28,1000
530,261,Laptop,2024-05-18,1000
531,483,Smartphone,2024-02-04,500
532,401,Mouse,2024-03-21,20
533,965,Camera,2024-04-28,400
534,430,Smartphone,2024-03-23,500
535,18,Camera,2024-04-30,400
536,598,Monitor,2024-06-14,200
537,40,Tablet,2024-03-09,300
538,939,Headphones,2024-06-17,50
539,524,Keyboard,2024-02-18,30
540,419,Monitor,2024-04-28,200
541,762,Tablet,2024-03-02,300
542,799,Smartphone,2024-02-07,500
543,491,Keyboard,2024-02-08,30
544,559,Keyboard,2024-01-10,30
545,220,Smartphone,2024-01-18,500
546,211,Headphones,2024-05-16,50
547,612,Smartphone,2024-05-21,500
548,270,Keyboard,2024-06-10,30
549,534,Mouse,2024-03-30,20
550,579,Mouse,2024-03-10,20
551,882,Laptop,2024-02-02,1000
552,569,Laptop,2024-05-26,1000
553,799,Camera,2024-05-21,400
554,344,Smartphone,2024-03-01,500
555,916,Headphones,2024-04-06,50
556,830,Tablet,2024-01-17,300
557,430,Keyboard,2024-02-15,30
558,656,Tablet,2024-04-06,300
559,44,Tablet,2024-01-28,300
560,894,Smartphone,2024-04-06,500
561,585,Monitor,2024-04-11,200
562,245,Headphones,2024-03-24,50
563,682,Camera,2024-06-27,400
564,607,Monitor,2024-03-24,200
565,296,Monitor,2024-04-07,200
566,521,Mouse,2024-02-04,20
567,441,Laptop,2024-02-12,1000
568,234,Keyboard,2024-01-22,30
569,554,Camera,2024-04-08,400
570,842,Smartphone,2024-04-19,500
571,206,Mouse,2024-06-21,20
572,771,Monitor,2024-01-18,200
573,668,Tablet,2024-02-15,300
574,917,Mouse,2024-06-24,20
575,888,Camera,2024-01-12,400
576,983,Printer,2024-06-07,150
577,296,Headphones,2024-01-26,50
578,645,Laptop,2024-03-01,1000
579,46,Camera,2024-02-19,400
580,598,Laptop,2024-06-12,1000
581,89,Monitor,2024-02-10,200
582,335,Laptop,2024-05-14,1000
583,671,Monitor,2024-01-26,200
584,74,Smartphone,2024-04-04,500
585,396,Mouse,2024-03-04,20
586,533,Monitor,2024-06-29,200
587,539,Monitor,2024-04-17,200
588,467,Keyboard,2024-01-14,30
589,50,Mouse,2024-05-10,20
590,134,Printer,2024-03-14,150
591,633,Smartphone,2024-01-16,500
592,347,Monitor,2024-05-01,200
593,186,Printer,2024-01-23,150
594,201,Tablet,2024-02-11,300
595,87,Smartphone,2024-05-09,500
596,524,Tablet,2024-02-09,300
597,593,Camera,2024-04-28,400
598,314,Headphones,2024-04-30,50
599,852,Smartphone,2024-01-14,500
600,930,Camera,2024-04-08,400
601,328,Keyboard,2024-01-21,30
602,710,Mouse,2024-02-14,20
603,707,Tablet,2024-04-03,300
604,894,Tablet,2024-01-08,300
605,347,Headphones,2024-03-25,50
606,556,Laptop,2024-02-21,1000
607,373,Mouse,2024-05-01,20
608,463,Printer,2024-02-19,150
609,404,Smartphone,2024-01-03,500
610,136,Headphones,2024-06-20,50
611,154,Tablet,2024-05-03,300
612,12,Monitor,2024-05-19,200
613,378,Keyboard,2024-03-01,30
614,858,Printer,2024-01-20,150
615,859,Keyboard,2024-02-10,30
616,25,Printer,2024-06-20,150
617,318,Smartphone,2024-02-05,500
618,514,Camera,2024-04-28,400
619,261,Smartphone,2024-01-24,500
620,450,Laptop,2024-06-07,1000
621,297,Headphones,2024-06-01,50
622,829,Mouse,2024-05-19,20
623,15,Tablet,2024-06-26,300
624,506,Monitor,2024-05-05,200
625,403,Laptop,2024-01-21,1000
626,987,Mouse,2024-05-29,20
627,740,Monitor,2024-04-11,200
628,731,Laptop,2024-04-29,1000
629,89,Smartphone,2024-04-05,500
630,414,Mouse,2024-02-10,20
631,102,Headphones,2024-01-12,50
632,526,Camera,2024-01-03,400
633,661,Mouse,2024-01-13,20
634,281,Camera,2024-06-15,400
635,172,Keyboard,2024-05-26,30
636,283,Tablet,2024-04-28,300
637,959,Monitor,2024-04-07,200
638,718,Mouse,2024-02-14,20
639,489,Printer,2024-03-11,150
640,29,Mouse,2024-01-06,20
641,282,Keyboard,2024-04-13,30
642,627,Laptop,2024-02-24,1000
643,739,Tablet,2024-06-21,300
644,611,Mouse,2024-01-22,20
645,919,Laptop,2024-03-05,1000
646,877,Headphones,2024-06-07,50
647,145,Printer,2024-04-01,150
648,94,Keyboard,2024-02-14,30
649,894,Smartphone,2024-04-14,500
650,706,Smartphone,2024-05-23,500
651,720,Printer,2024-02-11,150
652,74,Smartphone,2024-06-05,500
653,697,Tablet,2024-01-28,300
654,122,Laptop,2024-03-31,1000
655,674,Printer,2024-06-03,150
656,886,Laptop,2024-05-30,1000
657,204,Tablet,2024-02-27,300
658,834,Tablet,2024-06-23,300
659,528,Monitor,2024-01-09,200
660,658,Monitor,2024-05-03,200
661,815,Monitor,2024-06-05,200
662,961,Mouse,2024-03-18,20
663,452,Camera,2024-01-20,400
664,865,Headphones,2024-02-01,50
665,734,Camera,2024-01-05,400
666,89,Keyboard,2024-01-11,30
667,29,Mouse,2024-06-02,20
668,168,Laptop,2024-05-16,1000
669,706,Mouse,2024-04-10,20
670,773,Mouse,2024-05-28,20
671,477,Headphones,2024-01-27,50
672,621,Keyboard,2024-01-10,30
673,185,Keyboard,2024-03-23,30
674,877,Headphones,2024-05-29,50
675,411,Mouse,2024-03-02,20
676,375,Keyboard,2024-05-09,30
677,214,Keyboard,2024-01-31,30
678,603,Tablet,2024-01-15,300
679,483,Printer,2024-03-01,150
680,756,Keyboard,2024-04-01,30
681,976,Headphones,2024-06-07,50
682,738,Smartphone,2024-05-09,500
683,55,Tablet,2024-01-24,300
684,526,Laptop,2024-01-17,1000
685,1,Laptop,2024-02-18,1000
686,158,Smartphone,2024-02-13,500
687,546,Smartphone,2024-01-25,500
688,541,Keyboard,2024-03-26,30
689,354,Smartphone,2024-04-04,500
690,68,Printer,2024-06-03,150
691,672,Monitor,2024-05-08,200
692,720,Camera,2024-01-26,400
693,472,Monitor,2024-04-28,200
694,627,Laptop,2024-06-11,1000
695,417,Monitor,2024-02-18,200
696,525,Tablet,2024-04-06,300
697,993,Tablet,2024-01-18,300
698,639,Keyboard,2024-05-09,30
699,176,Camera,2024-01-05,400
700,437,Printer,2024-05-13,150
701,547,Monitor,2024-01-04,200
702,517,Keyboard,2024-06-20,30
703,464,Mouse,2024-01-17,20
704,922,Headphones,2024-06-12,50
705,191,Laptop,2024-04-04,1000
706,786,Headphones,2024-01-24,50
707,323,Tablet,2024-03-14,300
708,279,Mouse,2024-03-29,20
709,188,Mouse,2024-01-11,20
710,245,Laptop,2024-01-28,1000
711,127,Laptop,2024-04-13,1000
712,552,Headphones,2024-03-05,50
713,890,Keyboard,2024-05-28,30
714,355,Headphones,2024-02-14,50
715,327,Printer,2024-03-12,150
716,317,Monitor,2024-03-08,200
717,906,Mouse,2024-04-12,20
718,183,Monitor,2024-05-30,200
719,918,Printer,2024-01-09,150
720,445,Laptop,2024-06-26,1000
721,843,Tablet,2024-01-26,300
722,310,Printer,2024-02-10,150
723,411,Smartphone,2024-03-04,500
724,528,Monitor,2024-01-08,200
725,728,Tablet,2024-05-26,300
726,521,Monitor,2024-03-20,200
727,198,Keyboard,2024-06-22,30
728,353,Laptop,2024-05-30,1000
729,85,Monitor,2024-03-30,200
730,317,Tablet,2024-03-14,300
731,297,Smartphone,2024-02-15,500
732,602,Headphones,2024-01-16,50
733,752,Mouse,2024-06-15,20
734,824,Smartphone,2024-01-07,500
735,793,Headphones,2024-06-14,50
736,153,Laptop,2024-06-28,1000
737,337,Printer,2024-02-29,150
738,172,Smartphone,2024-03-31,500
739,611,Keyboard,2024-02-09,30
740,639,Keyboard,2024-06-22,30
741,966,Headphones,2024-01-18,50
742,63,Printer,2024-06-27,150
743,962,Laptop,2024-01-28,1000
744,119,Camera,2024-02-01,400
745,329,Monitor,2024-06-20,200
746,240,Printer,2024-01-26,150
747,38,Laptop,2024-03-27,1000
748,506,Printer,2024-03-11,150
749,340,Headphones,2024-01-24,50
750,884,Tablet,2024-06-04,300
751,495,Monitor,2024-02-06,200
752,862,Monitor,2024-06-11,200
753,767,Printer,2024-02-18,150
754,479,Mouse,2024-03-24,20
755,820,Camera,2024-05-28,400
756,513,Smartphone,2024-02-06,500
757,367,Monitor,2024-05-09,200
758,524,Camera,2024-02-04,400
759,865,Monitor,2024-04-07,200
760,82,Mouse,2024-06-06,20
761,269,Mouse,2024-04-14,20
762,833,Tablet,2024-01-14,300
763,385,Printer,2024-06-13,150
764,261,Printer,2024-01-10,150
765,829,Keyboard,2024-05-08,30
766,995,Headphones,2024-01-19,50
767,306,Monitor,2024-02-09,200
768,867,Headphones,2024-03-20,50
769,741,Keyboard,2024-06-20,30
770,950,Keyboard,2024-01-20,30
771,265,Camera,2024-01-22,400
772,702,Smartphone,2024-04-08,500
773,7,Laptop,2024-06-29,1000
774,291,Tablet,2024-01-21,300
775,149,Camera,2024-02-26,400
776,971,Smartphone,2024-03-18,500
777,565,Camera,2024-04-26,400
778,703,Laptop,2024-04-25,1000
779,474,Tablet,2024-04-25,300
780,206,Laptop,2024-03-29,1000
781,374,Headphones,2024-02-02,50
782,341,Headphones,2024-05-18,50
783,843,Headphones,2024-03-12,50
784,609,Monitor,2024-03-25,200
785,331,Keyboard,2024-04-21,30
786,532,Mouse,2024-05-27,20
787,226,Smartphone,2024-04-10,500
788,734,Laptop,2024-06-11,1000
789,68,Monitor,2024-03-02,200
790,845,Tablet,2024-02-10,300
791,49,Headphones,2024-06-24,50
792,895,Keyboard,2024-03-15,30
793,21,Tablet,2024-05-17,300
794,965,Monitor,2024-02-22,200
795,89,Mouse,2024-02-28,20
796,591,Monitor,2024-06-10,200
797,72,Headphones,2024-01-05,50
798,659,Printer,2024-05-18,150
799,23,Mouse,2024-03-01,20
800,485,Monitor,2024-06-08,200
801,694,Printer,2024-06-06,150
802,557,Monitor,2024-01-25,200
803,848,Headphones,2024-01-02,50
804,116,Keyboard,2024-03-18,30
805,988,Headphones,2024-06-18,50
806,561,Camera,2024-06-07,400
807,839,Tablet,2024-06-24,300
808,490,Headphones,2024-05-07,50
809,996,Monitor,2024-04-04,200
810,58,Monitor,2024-06-29,200
811,735,Headphones,2024-03-08,50
812,841,Laptop,2024-06-17,1000
813,859,Tablet,2024-02-17,300
814,364,Smartphone,2024-03-20,500
815,843,Tablet,2024-02-01,300
816,928,Camera,2024-01-29,400
817,353,Mouse,2024-05-09,20
818,101,Headphones,2024-02-09,50
819,404,Camera,2024-04-08,400
820,936,Headphones,2024-01-16,50
821,934,Headphones,2024-06-05,50
822,349,Tablet,2024-05-07,300
823,273,Laptop,2024-03-30,1000
824,806,Laptop,2024-04-22,1000
825,755,Camera,2024-03-04,400
826,940,Camera,2024-05-29,400
827,922,Headphones,2024-06-21,50
828,231,Monitor,2024-06-28,200
829,149,Laptop,2024-06-15,1000
830,456,Monitor,2024-04-26,200
831,213,Keyboard,2024-01-08,30
832,740,Smartphone,2024-04-07,500
833,507,Camera,2024-01-24,400
834,127,Laptop,2024-05-05,1000
835,419,Printer,2024-02-15,150
836,914,Printer,2024-03-31,150
837,108,Printer,2024-04-15,150
838,79,Smartphone,2024-04-30,500
839,339,Mouse,2024-01-22,20
840,81,Keyboard,2024-06-04,30
841,226,Laptop,2024-01-17,1000
842,779,Tablet,2024-04-05,300
843,957,Mouse,2024-03-28,20
844,69,Mouse,2024-05-03,20
845,173,Monitor,2024-05-08,200
846,951,Camera,2024-01-04,400
847,804,Monitor,2024-03-10,200
848,594,Smartphone,2024-02-20,500
849,921,Headphones,2024-01-07,50
850,120,Smartphone,2024-02-07,500
851,270,Headphones,2024-04-12,50
852,200,Camera,2024-02-16,400
853,972,Keyboard,2024-06-15,30
854,414,Printer,2024-04-17,150
855,629,Camera,2024-03-10,400
856,981,Monitor,2024-06-03,200
857,764,Headphones,2024-03-30,50
858,649,Keyboard,2024-03-25,30
859,635,Smartphone,2024-02-29,500
860,740,Keyboard,2024-03-04,30
861,487,Smartphone,2024-07-03,500
862,926,Smartphone,2024-03-09,500
863,270,Printer,2024-05-27,150
864,400,Headphones,2024-04-17,50
865,264,Printer,2024-05-14,150
866,831,Printer,2024-03-29,150
867,109,Mouse,2024-06-01,20
868,871,Headphones,2024-06-15,50
869,766,Monitor,2024-04-28,200
870,81,Smartphone,2024-06-16,500
871,480,Keyboard,2024-01-02,30
872,613,Smartphone,2024-07-02,500
873,977,Tablet,2024-05-21,300
874,630,Smartphone,2024-06-23,500
875,661,Keyboard,2024-02-16,30
876,953,Smartphone,2024-05-19,500
877,714,Headphones,2024-02-17,50
878,134,Headphones,2024-03-26,50
879,689,Mouse,2024-05-15,20
880,196,Keyboard,2024-05-18,30
881,185,Tablet,2024-06-22,300
882,42,Smartphone,2024-06-06,500
883,517,Tablet,2024-03-14,300
884,894,Printer,2024-02-07,150
885,310,Camera,2024-05-04,400
886,299,Laptop,2024-06-29,1000
887,789,Keyboard,2024-06-11,30
888,371,Mouse,2024-02-25,20
889,505,Printer,2024-05-08,150
890,863,Camera,2024-02-14,400
891,842,Headphones,2024-03-07,50
892,904,Tablet,2024-04-10,300
893,960,Printer,2024-06-11,150
894,654,Mouse,2024-05-02,20
895,930,Smartphone,2024-01-13,500
896,653,Printer,2024-01-20,150
897,958,Tablet,2024-02-27,300
898,308,Laptop,2024-04-16,1000
899,697,Headphones,2024-05-12,50
900,247,Tablet,2024-01-26,300
901,102,Keyboard,2024-03-28,30
902,548,Keyboard,2024-04-18,30
903,506,Tablet,2024-05-15,300
904,483,Laptop,2024-01-11,1000
905,381,Laptop,2024-05-26,1000
906,974,Smartphone,2024-04-27,500
907,620,Monitor,2024-04-21,200
908,445,Printer,2024-03-25,150
909,32,Monitor,2024-05-18,200
910,969,Camera,2024-01-09,400
911,666,Tablet,2024-03-09,300
912,525,Smartphone,2024-01-30,500
913,129,Monitor,2024-01-16,200
914,537,Tablet,2024-01-03,300
915,681,Smartphone,2024-05-10,500
916,963,Tablet,2024-04-15,300
917,748,Laptop,2024-05-20,1000
918,651,Keyboard,2024-02-25,30
919,11,Laptop,2024-01-20,1000
920,69,Laptop,2024-04-14,1000
921,816,Keyboard,2024-04-11,30
922,510,Laptop,2024-01-20,1000
923,770,Mouse,2024-05-25,20
924,37,Smartphone,2024-01-18,500
925,161,Smartphone,2024-02-23,500
926,36,Headphones,2024-04-04,50
927,925,Monitor,2024-04-24,200
928,733,Camera,2024-01-09,400
929,856,Camera,2024-02-13,400
930,235,Printer,2024-05-20,150
931,271,Laptop,2024-01-23,1000
932,890,Headphones,2024-03-23,50
933,955,Tablet,2024-01-04,300
934,879,Mouse,2024-01-23,20
935,892,Tablet,2024-03-05,300
936,325,Camera,2024-06-17,400
937,16,Smartphone,2024-03-10,500
938,812,Monitor,2024-01-07,200
939,932,Keyboard,2024-01-15,30
940,696,Keyboard,2024-05-28,30
941,979,Camera,2024-06-04,400
942,265,Keyboard,2024-02-27,30
943,258,Monitor,2024-06-17,200
944,967,Smartphone,2024-06-24,500
945,963,Camera,2024-06-14,400
946,892,Tablet,2024-06-12,300
947,917,Tablet,2024-05-23,300
948,944,Mouse,2024-05-03,20
949,192,Monitor,2024-05-20,200
950,80,Printer,2024-01-18,150
951,382,Headphones,2024-06-02,50
952,952,Camera,2024-06-04,400
953,158,Monitor,2024-01-02,200
954,533,Headphones,2024-05-04,50
955,719,Headphones,2024-01-07,50
956,948,Tablet,2024-02-10,300
957,114,Monitor,2024-05-09,200
958,103,Smartphone,2024-06-22,500
959,147,Monitor,2024-06-09,200
960,305,Printer,2024-06-19,150
961,698,Smartphone,2024-04-20,500
962,683,Printer,2024-03-27,150
963,868,Headphones,2024-01-23,50
964,570,Printer,2024-01-06,150
965,959,Keyboard,2024-01-26,30
966,233,Laptop,2024-04-27,1000
967,255,Laptop,2024-02-17,1000
968,151,Monitor,2024-01-04,200
969,905,Tablet,2024-03-31,300
970,732,Printer,2024-04-30,150
971,962,Tablet,2024-06-23,300
972,992,Camera,2024-04-10,400
973,855,Laptop,2024-05-09,1000
974,481,Mouse,2024-06-27,20
975,566,Keyboard,2024-04-20,30
976,526,Printer,2024-07-01,150
977,168,Tablet,2024-06-23,300
978,199,Camera,2024-01-01,400
979,650,Mouse,2024-03-06,20
980,6,Monitor,2024-03-22,200
981,54,Smartphone,2024-03-21,500
982,857,Headphones,2024-05-13,50
983,441,Printer,2024-03-28,150
984,591,Keyboard,2024-02-28,30
985,208,Smartphone,2024-03-21,500
986,225,Laptop,2024-05-18,1000
987,549,Tablet,2024-04-13,300
988,227,Mouse,2024-01-18,20
989,88,Keyboard,2024-06-04,30
990,380,Camera,2024-05-14,400
991,43,Monitor,2024-05-16,200
992,600,Mouse,2024-06-14,20
993,692,Laptop,2024-05-28,1000
994,843,Laptop,2024-05-26,1000
995,928,Mouse,2024-02-09,20
996,413,Mouse,2024-01-16,20
997,618,Monitor,2024-02-29,200
998,863,Mouse,2024-04-14,20
999,612,Camera,2024-01-05,400
1000,775,Tablet,2024-04-28,300
1001,851,Laptop,2024-02-09,1000
1002,168,Tablet,2024-04-30,300
1003,201,Printer,2024-01-25,150
1004,885,Monitor,2024-01-28,200
1005,836,Monitor,2024-04-20,200
1006,119,Printer,2024-01-25,150
1007,502,Camera,2024-01-11,400
1008,969,Headphones,2024-03-24,50
1009,498,Camera,2024-05-09,400
1010,948,Printer,2024-03-29,150
1011,613,Keyboard,2024-05-02,30
1012,124,Mouse,2024-03-10,20
1013,625,Mouse,2024-06-22,20
1014,487,Headphones,2024-03-29,50
1015,622,Tablet,2024-05-31,300
1016,768,Smartphone,2024-04-24,500
1017,257,Mouse,2024-05-25,20
1018,978,Printer,2024-04-12,150
1019,810,Camera,2024-05-26,400
1020,499,Keyboard,2024-01-02,30
1021,345,Smartphone,2024-05-15,500
1022,713,Keyboard,2024-02-26,30
1023,46,Printer,2024-02-19,150
1024,744,Mouse,2024-04-07,20
1025,316,Laptop,2024-02-04,1000
1026,560,Camera,2024-03-11,400
1027,29,Printer,2024-01-22,150
1028,369,Mouse,2024-01-20,20
1029,392,Headphones,2024-04-27,50
1030,330,Keyboard,2024-02-27,30
1031,43,Monitor,2024-06-17,200
1032,335,Tablet,2024-03-13,300
1033,65,Smartphone,2024-04-01,500
1034,544,Printer,2024-03-19,150
1035,494,Mouse,2024-02-01,20
1036,189,Laptop,2024-01-01,1000
1037,34,Monitor,2024-02-09,200
1038,233,Monitor,2024-01-02,200
1039,380,Laptop,2024-02-04,1000
1040,281,Smartphone,2024-06-06,500
1041,786,Headphones,2024-03-16,50
1042,104,Smartphone,2024-01-25,500
1043,298,Mouse,2024-02-27,20
1044,775,Mouse,2024-01-23,20
1045,985,Camera,2024-01-01,400
1046,536,Keyboard,2024-02-21,30
1047,280,Camera,2024-04-25,400
1048,583,Printer,2024-02-11,150
1049,970,Printer,2024-06-06,150
1050,641,Keyboard,2024-01-05,30
1051,267,Tablet,2024-01-05,300
1052,834,Monitor,2024-05-20,200
1053,977,Printer,2024-03-14,150
1054,405,Headphones,2024-06-29,50
1055,709,Mouse,2024-04-22,20
1056,446,Smartphone,2024-06-21,500
1057,71,Smartphone,2024-05-11,500
1058,214,Camera,2024-01-18,400
1059,615,Printer,2024-05-08,150
1060,776,Printer,2024-01-04,150
1061,336,Printer,2024-04-27,150
1062,471,Smartphone,2024-06-07,500
1063,570,Printer,2024-02-25,150
1064,727,Monitor,2024-04-17,200
1065,391,Tablet,2024-01-30,300
1066,285,Headphones,2024-06-27,50
1067,732,Headphones,2024-05-28,50
1068,932,Printer,2024-01-02,150
1069,158,Monitor,2024-02-14,200
1070,868,Printer,2024-05-21,150
1071,691,Keyboard,2024-02-19,30
1072,387,Mouse,2024-03-29,20
1073,212,Smartphone,2024-01-28,500
1074,252,Camera,2024-05-19,400
1075,775,Headphones,2024-03-24,50
1076,903,Headphones,2024-01-23,50
1077,547,Keyboard,2024-04-06,30
1078,360,Camera,2024-03-04,400
1079,372,Tablet,2024-06-15,300
1080,106,Smartphone,2024-06-24,500
1081,101,Mouse,2024-01-28,20
1082,763,Headphones,2024-05-10,50
1083,670,Tablet,2024-05-27,300
1084,686,Printer,2024-01-20,150
1085,673,Keyboard,2024-07-02,30
1086,976,Smartphone,2024-05-04,500
1087,535,Monitor,2024-04-08,200
1088,896,Printer,2024-01-28,150
1089,75,Camera,2024-05-11,400
1090,769,Keyboard,2024-04-19,30
1091,322,Printer,2024-05-14,150
1092,8,Monitor,2024-01-03,200
1093,807,Mouse,2024-01-03,20
1094,604,Printer,2024-03-29,150
1095,842,Printer,2024-04-06,150
1096,922,Laptop,2024-01-20,1000
1097,62,Monitor,2024-03-29,200
1098,466,Tablet,2024-02-05,300
1099,620,Monitor,2024-01-19,200
1100,385,Printer,2024-06-02,150
1101,497,Headphones,2024-01-11,50
1102,797,Smartphone,2024-02-25,500
1103,534,Monitor,2024-05-17,200
1104,225,Printer,2024-01-20,150
1105,207,Camera,2024-06-12,400
1106,804,Headphones,2024-01-16,50
1107,890,Laptop,2024-03-05,1000
1108,845,Monitor,2024-05-14,200
1109,591,Camera,2024-05-01,400
1110,260,Headphones,2024-03-13,50
1111,607,Smartphone,2024-01-14,500
1112,963,Headphones,2024-05-22,50
1113,740,Headphones,2024-02-24,50
1114,510,Keyboard,2024-05-27,30
1115,837,Headphones,2024-01-15,50
1116,933,Printer,2024-05-03,150
1117,846,Monitor,2024-03-02,200
1118,266,Printer,2024-05-12,150
1119,401,Monitor,2024-02-01,200
1120,434,Tablet,2024-01-14,300
1121,809,Printer,2024-02-02,150
1122,760,Camera,2024-02-01,400
1123,779,Laptop,2024-02-29,1000
1124,419,Tablet,2024-05-06,300
1125,725,Monitor,2024-07-03,200
1126,130,Keyboard,2024-04-02,30
1127,229,Headphones,2024-01-26,50
1128,696,Camera,2024-04-12,400
1129,72,Smartphone,2024-03-20,500
1130,230,Smartphone,2024-06-28,500
1131,114,Keyboard,2024-05-11,30
1132,325,Headphones,2024-01-14,50
1133,484,Headphones,2024-04-05,50
1134,79,Printer,2024-01-16,150
1135,787,Keyboard,2024-05-24,30
1136,92,Tablet,2024-03-27,300
1137,894,Laptop,2024-02-17,1000
1138,337,Tablet,2024-02-26,300
1139,606,Smartphone,2024-04-19,500
1140,560,Printer,2024-05-06,150
1141,496,Mouse,2024-06-23,20
1142,282,Keyboard,2024-04-12,30
1143,733,Smartphone,2024-01-15,500
1144,696,Printer,2024-05-19,150
1145,202,Camera,2024-05-19,400
1146,429,Mouse,2024-02-27,20
1147,691,Tablet,2024-02-19,300
1148,574,Laptop,2024-05-12,1000
1149,688,Smartphone,2024-03-06,500
1150,932,Keyboard,2024-06-03,30
1151,369,Monitor,2024-05-24,200
1152,524,Monitor,2024-04-04,200
1153,941,Printer,2024-04-16,150
1154,22,Smartphone,2024-07-02,500
1155,966,Tablet,2024-02-21,300
1156,507,Camera,2024-06-07,400
1157,585,Keyboard,2024-02-28,30
1158,907,Camera,2024-03-18,400
1159,934,Printer,2024-02-17,150
1160,701,Laptop,2024-03-26,1000
1161,493,Printer,2024-05-23,150
1162,28,Mouse,2024-02-13,20
1163,714,Headphones,2024-06-09,50
1164,464,Smartphone,2024-06-29,500
1165,453,Printer,2024-05-22,150
1166,702,Tablet,2024-03-06,300
1167,877,Tablet,2024-05-14,300
1168,464,Headphones,2024-05-02,50
1169,788,Printer,2024-04-30,150
1170,650,Printer,2024-05-07,150
1171,659,Smartphone,2024-03-06,500
1172,102,Keyboard,2024-03-31,30
1173,524,Smartphone,2024-05-03,500
1174,632,Headphones,2024-02-28,50
1175,298,Keyboard,2024-02-06,30
1176,239,Keyboard,2024-06-21,30
1177,973,Camera,2024-05-29,400
1178,110,Mouse,2024-04-16,20
1179,543,Smartphone,2024-07-02,500
1180,775,Tablet,2024-05-03,300
1181,447,Laptop,2024-04-05,1000
1182,810,Monitor,2024-05-22,200
1183,346,Mouse,2024-05-19,20
1184,412,Headphones,2024-02-07,50
1185,87,Headphones,2024-01-02,50
1186,946,Smartphone,2024-05-07,500
1187,706,Smartphone,2024-04-07,500
1188,197,Camera,2024-04-01,400
1189,236,Mouse,2024-01-18,20
1190,793,Monitor,2024-06-10,200
1191,862,Mouse,2024-05-18,20
1192,690,Monitor,2024-06-08,200
1193,209,Laptop,2024-05-18,1000
1194,227,Tablet,2024-05-13,300
1195,784,Mouse,2024-02-26,20
1196,187,Tablet,2024-03-21,300
1197,690,Printer,2024-03-17,150
1198,418,Laptop,2024-01-31,1000
1199,703,Headphones,2024-03-30,50
1200,713,Keyboard,2024-02-21,30
1201,868,Mouse,2024-03-02,20
1202,168,Smartphone,2024-03-28,500
1203,726,Smartphone,2024-04-18,500
1204,669,Tablet,2024-03-15,300
1205,675,Keyboard,2024-04-18,30
1206,67,Camera,2024-02-28,400
1207,58,Mouse,2024-05-31,20
1208,637,Headphones,2024-02-08,50
1209,561,Laptop,2024-03-04,1000
1210,628,Mouse,2024-04-09,20
1211,664,Headphones,2024-06-24,50
1212,902,Keyboard,2024-05-15,30
1213,103,Tablet,2024-04-18,300
1214,105,Monitor,2024-05-19,200
1215,893,Printer,2024-04-20,150
1216,835,Tablet,2024-03-19,300
1217,120,Laptop,2024-03-12,1000
1218,97,Tablet,2024-02-07,300
1219,972,Laptop,2024-01-06,1000
1220,46,Mouse,2024-03-12,20
1221,369,Monitor,2024-02-11,200
1222,37,Keyboard,2024-05-28,30
1223,193,Printer,2024-05-08,150
1224,259,Keyboard,2024-03-22,30
1225,586,Keyboard,2024-03-06,30
1226,649,Smartphone,2024-01-15,500
1227,995,Headphones,2024-01-05,50
1228,281,Monitor,2024-06-05,200
1229,612,Laptop,2024-04-17,1000
1230,739,Camera,2024-06-28,400
1231,177,Tablet,2024-03-16,300
1232,731,Keyboard,2024-02-12,30
1233,327,Smartphone,2024-04-22,500
1234,271,Printer,2024-06-30,150
1235,685,Camera,2024-01-14,400
1236,805,Tablet,2024-01-04,300
1237,750,Keyboard,2024-06-19,30
1238,589,Tablet,2024-02-24,300
1239,376,Headphones,2024-06-12,50
1240,546,Tablet,2024-03-25,300
1241,107,Keyboard,2024-05-04,30
1242,435,Laptop,2024-05-11,1000
1243,293,Smartphone,2024-02-19,500
1244,66,Monitor,2024-02-01,200
1245,453,Printer,2024-06-03,150
1246,754,Keyboard,2024-03-17,30
1247,719,Headphones,2024-02-27,50
1248,815,Printer,2024-02-15,150
1249,981,Keyboard,2024-05-27,30
1250,835,Laptop,2024-04-19,1000
1251,578,Camera,2024-03-28,400
1252,599,Laptop,2024-03-22,1000
1253,677,Monitor,2024-01-06,200
1254,813,Monitor,2024-03-06,200
1255,849,Keyboard,2024-05-05,30
1256,180,Monitor,2024-05-08,200
1257,880,Tablet,2024-03-27,300
1258,794,Smartphone,2024-04-22,500
1259,355,Keyboard,2024-03-18,30
1260,217,Smartphone,2024-01-01,500
1261,754,Camera,2024-04-05,400
1262,691,Mouse,2024-06-18,20
1263,874,Headphones,2024-01-31,50
1264,119,Monitor,2024-07-01,200
1265,131,Laptop,2024-04-03,1000
1266,873,Smartphone,2024-03-14,500
1267,312,Tablet,2024-03-14,300
1268,831,Smartphone,2024-01-11,500
1269,170,Monitor,2024-02-14,200
1270,349,Keyboard,2024-04-12,30
1271,508,Headphones,2024-03-02,50
1272,599,Keyboard,2024-03-16,30
1273,859,Printer,2024-06-26,150
1274,389,Monitor,2024-03-03,200
1275,535,Mouse,2024-01-19,20
1276,366,Monitor,2024-02-18,200
1277,675,Printer,2024-01-08,150
1278,946,Tablet,2024-02-21,300
1279,38,Keyboard,2024-05-14,30
1280,782,Monitor,2024-04-18,200
1281,989,Camera,2024-05-09,400
1282,181,Tablet,2024-02-19,300
1283,594,Smartphone,2024-01-18,500
1284,985,Camera,2024-04-17,400
1285,167,Mouse,2024-02-28,20
1286,683,Keyboard,2024-06-23,30
1287,951,Headphones,2024-02-06,50
1288,145,Mouse,2024-01-29,20
1289,207,Mouse,2024-02-21,20
1290,676,Tablet,2024-04-30,300
1291,912,Mouse,2024-01-20,20
1292,894,Keyboard,2024-06-16,30
1293,721,Printer,2024-02-03,150
1294,714,Headphones,2024-03-18,50
1295,782,Camera,2024-05-03,400
1296,36,Camera,2024-06-04,400
1297,305,Printer,2024-01-08,150
1298,575,Keyboard,2024-03-30,30
1299,173,Keyboard,2024-03-24,30
1300,408,Smartphone,2024-02-02,500
1301,491,Laptop,2024-03-15,1000
1302,751,Headphones,2024-06-14,50
1303,319,Camera,2024-03-16,400
1304,218,Camera,2024-01-31,400
1305,683,Printer,2024-03-01,150
1306,978,Keyboard,2024-04-15,30
1307,615,Monitor,2024-04-11,200
1308,510,Keyboard,2024-04-24,30
1309,365,Printer,2024-03-30,150
1310,672,Mouse,2024-06-15,20
1311,398,Laptop,2024-06-18,1000
1312,502,Camera,2024-05-18,400
1313,367,Printer,2024-04-22,150
1314,661,Printer,2024-06-29,150
1315,798,Headphones,2024-04-11,50
1316,754,Camera,2024-01-22,400
1317,805,Printer,2024-03-28,150
1318,856,Printer,2024-06-27,150
1319,185,Tablet,2024-02-17,300
1320,211,Smartphone,2024-06-23,500
1321,214,Tablet,2024-04-10,300
1322,872,Printer,2024-01-31,150
1323,349,Monitor,2024-06-19,200
1324,885,Camera,2024-05-31,400
1325,851,Camera,2024-01-23,400
1326,843,Printer,2024-02-15,150
1327,313,Laptop,2024-05-07,1000
1328,567,Headphones,2024-02-28,50
1329,820,Printer,2024-03-04,150
1330,10,Monitor,2024-01-17,200
1331,64,Printer,2024-06-09,150
1332,239,Tablet,2024-02-15,300
1333,149,Keyboard,2024-03-28,30
1334,294,Mouse,2024-06-25,20
1335,628,Monitor,2024-05-28,200
1336,362,Tablet,2024-01-13,300
1337,469,Camera,2024-03-08,400
1338,286,Tablet,2024-05-15,300
1339,340,Tablet,2024-02-17,300
1340,523,Headphones,2024-01-23,50
1341,902,Mouse,2024-06-26,20
1342,316,Mouse,2024-05-06,20
1343,901,Monitor,2024-07-02,200
1344,710,Smartphone,2024-05-18,500
1345,830,Laptop,2024-04-28,1000
1346,236,Keyboard,2024-01-04,30
1347,766,Mouse,2024-01-10,20
1348,9,Camera,2024-05-08,400
1349,734,Camera,2024-02-16,400
1350,745,Laptop,2024-06-28,1000
1351,367,Laptop,2024-04-07,1000
1352,892,Headphones,2024-02-27,50
1353,479,Printer,2024-05-27,150
1354,883,Monitor,2024-06-07,200
1355,498,Smartphone,2024-05-24,500
1356,909,Laptop,2024-06-26,1000
1357,312,Mouse,2024-02-03,20
1358,916,Laptop,2024-06-19,1000
1359,302,Laptop,2024-07-02,1000
1360,424,Tablet,2024-06-22,300
1361,430,Mouse,2024-05-14,20
1362,616,Monitor,2024-01-11,200
1363,779,Headphones,2024-02-25,50
1364,904,Camera,2024-04-14,400
1365,194,Camera,2024-04-08,400
1366,486,Mouse,2024-06-01,20
1367,319,Mouse,2024-06-18,20
1368,878,Headphones,2024-03-26,50
1369,865,Tablet,2024-04-29,300
1370,450,Printer,2024-03-28,150
1371,558,Printer,2024-04-03,150
1372,105,Tablet,2024-06-21,300
1373,933,Camera,2024-07-01,400
1374,860,Camera,2024-04-04,400
1375,991,Tablet,2024-03-18,300
1376,764,Headphones,2024-06-19,50
1377,33,Camera,2024-01-16,400
1378,5,Tablet,2024-06-10,300
1379,993,Tablet,2024-06-28,300
1380,669,Laptop,2024-04-17,1000
1381,412,Camera,2024-05-04,400
1382,241,Smartphone,2024-06-16,500
1383,888,Smartphone,2024-01-22,500
1384,830,Mouse,2024-05-02,20
1385,314,Keyboard,2024-06-16,30
1386,353,Mouse,2024-06-09,20
1387,86,Monitor,2024-02-04,200
1388,113,Camera,2024-03-04,400
1389,269,Monitor,2024-01-30,200
1390,682,Monitor,2024-05-20,200
1391,768,Laptop,2024-06-22,1000
1392,218,Monitor,2024-06-01,200
1393,414,Printer,2024-04-10,150
1394,370,Tablet,2024-05-15,300
1395,87,Keyboard,2024-06-06,30
1396,148,Smartphone,2024-04-05,500
1397,796,Printer,2024-06-01,150
1398,395,Headphones,2024-05-11,50
1399,661,Laptop,2024-03-02,1000
1400,949,Camera,2024-04-17,400
1401,631,Smartphone,2024-04-10,500
1402,774,Tablet,2024-05-21,300
1403,600,Printer,2024-06-10,150
1404,119,Monitor,2024-05-09,200
1405,605,Mouse,2024-01-05,20
1406,622,Monitor,2024-05-05,200
1407,644,Camera,2024-01-14,400
1408,960,Mouse,2024-04-10,20
1409,372,Printer,2024-04-23,150
1410,698,Smartphone,2024-05-28,500
1411,16,Keyboard,2024-06-24,30
1412,499,Mouse,2024-06-11,20
1413,764,Laptop,2024-03-19,1000
1414,331,Camera,2024-05-08,400
1415,694,Printer,2024-06-28,150
1416,959,Monitor,2024-06-07,200
1417,777,Mouse,2024-01-24,20
1418,997,Smartphone,2024-02-18,500
1419,148,Camera,2024-05-23,400
1420,69,Headphones,2024-04-01,50
1421,872,Printer,2024-05-25,150
1422,197,Monitor,2024-04-12,200
1423,95,Keyboard,2024-02-02,30
1424,375,Camera,2024-03-16,400
1425,554,Smartphone,2024-05-09,500
1426,745,Smartphone,2024-01-22,500
1427,836,Mouse,2024-03-01,20
1428,370,Monitor,2024-05-27,200
1429,24,Camera,2024-03-27,400
1430,2,Smartphone,2024-01-30,500
1431,238,Mouse,2024-03-02,20
1432,465,Tablet,2024-02-04,300
1433,16,Printer,2024-01-13,150
1434,644,Mouse,2024-04-22,20
1435,658,Keyboard,2024-03-25,30
1436,571,Camera,2024-05-26,400
1437,454,Headphones,2024-03-08,50
1438,138,Smartphone,2024-03-08,500
1439,127,Keyboard,2024-01-27,30
1440,672,Mouse,2024-02-24,20
1441,730,Printer,2024-04-23,150
1442,81,Headphones,2024-02-11,50
1443,418,Headphones,2024-03-14,50
1444,978,Smartphone,2024-04-02,500
1445,140,Smartphone,2024-01-31,500
1446,652,Mouse,2024-02-15,20
1447,151,Monitor,2024-06-30,200
1448,892,Smartphone,2024-06-07,500
1449,198,Smartphone,2024-07-02,500
1450,917,Laptop,2024-03-04,1000
1451,170,Camera,2024-03-27,400
1452,836,Monitor,2024-05-17,200
1453,914,Mouse,2024-02-28,20
1454,892,Smartphone,2024-02-17,500
1455,965,Keyboard,2024-03-27,30
1456,420,Laptop,2024-02-09,1000
1457,770,Printer,2024-05-18,150
1458,68,Monitor,2024-06-27,200
1459,293,Headphones,2024-02-22,50
1460,83,Keyboard,2024-01-07,30
1461,621,Mouse,2024-05-26,20
1462,323,Laptop,2024-03-17,1000
1463,196,Monitor,2024-04-17,200
1464,481,Headphones,2024-01-05,50
1465,725,Monitor,2024-01-07,200
1466,808,Tablet,2024-04-01,300
1467,110,Printer,2024-01-11,150
1468,795,Camera,2024-02-14,400
1469,704,Mouse,2024-05-09,20
1470,822,Camera,2024-04-08,400
1471,829,Smartphone,2024-05-08,500
1472,89,Camera,2024-04-01,400
1473,692,Keyboard,2024-04-02,30
1474,66,Mouse,2024-01-28,20
1475,887,Printer,2024-05-09,150
1476,413,Headphones,2024-06-11,50
1477,871,Mouse,2024-04-11,20
1478,956,Mouse,2024-01-01,20
1479,177,Mouse,2024-01-17,20
1480,266,Mouse,2024-01-06,20
1481,964,Keyboard,2024-06-30,30
1482,859,Mouse,2024-06-11,20
1483,3,Smartphone,2024-03-22,500
1484,592,Camera,2024-01-11,400
1485,881,Keyboard,2024-01-12,30
1486,884,Headphones,2024-03-18,50
1487,168,Printer,2024-01-28,150
1488,56,Mouse,2024-03-03,20
1489,183,Laptop,2024-06-16,1000
1490,163,Monitor,2024-01-26,200
1491,712,Printer,2024-03-15,150
1492,307,Monitor,2024-05-07,200
1493,999,Headphones,2024-01-03,50
1494,203,Smartphone,2024-02-21,500
1495,296,Mouse,2024-02-27,20
1496,756,Mouse,2024-01-12,20
1497,594,Monitor,2024-07-01,200
1498,319,Laptop,2024-07-01,1000
1499,915,Headphones,2024-05-24,50
1500,798,Tablet,2024-03-19,300
1501,881,Mouse,2024-02-09,20
1502,16,Monitor,2024-05-25,200
1503,792,Camera,2024-04-29,400
1504,446,Camera,2024-03-14,400
1505,398,Monitor,2024-02-26,200
1506,678,Smartphone,2024-06-30,500
1507,358,Headphones,2024-03-17,50
1508,114,Camera,2024-02-02,400
1509,390,Laptop,2024-02-19,1000
1510,680,Camera,2024-06-22,400
1511,26,Monitor,2024-01-06,200
1512,290,Headphones,2024-05-02,50
1513,160,Keyboard,2024-02-06,30
1514,679,Headphones,2024-04-06,50
1515,308,Laptop,2024-01-27,1000
1516,116,Headphones,2024-01-29,50
1517,741,Monitor,2024-02-14,200
1518,311,Smartphone,2024-03-14,500
1519,19,Headphones,2024-05-11,50
1520,392,Headphones,2024-05-19,50
1521,4,Printer,2024-01-17,150
1522,320,Monitor,2024-02-08,200
1523,196,Laptop,2024-06-09,1000
1524,734,Mouse,2024-06-14,20
1525,231,Smartphone,2024-06-09,500
1526,126,Mouse,2024-03-12,20
1527,192,Smartphone,2024-06-30,500
1528,152,Printer,2024-03-30,150
1529,400,Headphones,2024-05-01,50
1530,444,Headphones,2024-01-18,50
1531,887,Headphones,2024-01-14,50
1532,480,Printer,2024-01-26,150
1533,44,Headphones,2024-01-29,50
1534,630,Headphones,2024-01-01,50
1535,880,Smartphone,2024-03-27,500
1536,499,Tablet,2024-03-11,300
1537,203,Camera,2024-04-15,400
1538,778,Monitor,2024-04-05,200
1539,965,Smartphone,2024-05-29,500
1540,902,Smartphone,2024-05-25,500
1541,969,Smartphone,2024-05-12,500
1542,202,Monitor,2024-05-30,200
1543,308,Keyboard,2024-01-07,30
1544,674,Camera,2024-06-09,400
1545,416,Monitor,2024-05-19,200
1546,682,Monitor,2024-06-17,200
1547,274,Headphones,2024-03-10,50
1548,378,Mouse,2024-03-01,20
1549,139,Keyboard,2024-02-20,30
1550,736,Laptop,2024-02-22,1000
1551,691,Camera,2024-06-06,400
1552,905,Monitor,2024-04-18,200
1553,642,Keyboard,2024-03-07,30
1554,396,Headphones,2024-01-12,50
1555,413,Camera,2024-03-03,400
1556,150,Smartphone,2024-02-12,500
1557,61,Monitor,2024-05-26,200
1558,625,Monitor,2024-06-03,200
1559,321,Smartphone,2024-01-05,500
1560,459,Laptop,2024-04-16,1000
1561,525,Tablet,2024-03-01,300
1562,868,Headphones,2024-01-18,50
1563,911,Printer,2024-02-02,150
1564,411,Headphones,2024-04-28,50
1565,954,Printer,2024-03-07,150
1566,258,Camera,2024-03-19,400
1567,483,Laptop,2024-04-16,1000
1568,321,Camera,2024-05-08,400
1569,19,Laptop,2024-04-19,1000
1570,777,Smartphone,2024-01-09,500
1571,356,Monitor,2024-01-06,200
1572,956,Keyboard,2024-05-19,30
1573,233,Monitor,2024-02-28,200
1574,896,Laptop,2024-03-08,1000
1575,791,Headphones,2024-03-11,50
1576,372,Tablet,2024-06-03,300
1577,774,Printer,2024-04-04,150
1578,649,Keyboard,2024-03-14,30
1579,59,Smartphone,2024-01-26,500
1580,890,Mouse,2024-03-04,20
1581,447,Tablet,2024-03-18,300
1582,612,Printer,2024-03-14,150
1583,237,Mouse,2024-01-04,20
1584,522,Printer,2024-06-23,150
1585,358,Keyboard,2024-01-31,30
1586,735,Keyboard,2024-01-17,30
1587,208,Camera,2024-05-16,400
1588,757,Monitor,2024-02-16,200
1589,73,Headphones,2024-06-12,50
1590,156,Monitor,2024-03-25,200
1591,424,Monitor,2024-07-01,200
1592,513,Printer,2024-05-18,150
1593,780,Headphones,2024-02-11,50
1594,809,Printer,2024-03-18,150
1595,478,Camera,2024-06-19,400
1596,427,Headphones,2024-03-11,50
1597,659,Headphones,2024-04-28,50
1598,604,Camera,2024-05-13,400
1599,935,Mouse,2024-03-12,20
1600,440,Monitor,2024-03-22,200
1601,344,Smartphone,2024-03-17,500
1602,995,Monitor,2024-01-10,200
1603,561,Laptop,2024-04-07,1000
1604,756,Camera,2024-03-12,400
1605,688,Camera,2024-01-05,400
1606,166,Monitor,2024-07-01,200
1607,393,Mouse,2024-03-01,20
1608,536,Smartphone,2024-02-14,500
1609,178,Tablet,2024-02-20,300
1610,278,Tablet,2024-05-13,300
1611,954,Monitor,2024-05-30,200
1612,617,Laptop,2024-04-28,1000
1613,120,Monitor,2024-06-26,200
1614,1,Smartphone,2024-02-05,500
1615,669,Printer,2024-01-18,150
1616,351,Keyboard,2024-03-29,30
1617,883,Printer,2024-01-07,150
1618,343,Headphones,2024-05-09,50
1619,274,Headphones,2024-01-15,50
1620,151,Headphones,2024-03-13,50
1621,271,Headphones,2024-05-12,50
1622,430,Laptop,2024-05-25,1000
1623,818,Keyboard,2024-03-28,30
1624,617,Smartphone,2024-02-18,500
1625,127,Printer,2024-01-15,150
1626,897,Keyboard,2024-05-07,30
1627,840,Tablet,2024-03-11,300
1628,256,Smartphone,2024-04-07,500
1629,448,Headphones,2024-03-21,50
1630,393,Keyboard,2024-04-22,30
1631,99,Camera,2024-02-27,400
1632,545,Laptop,2024-02-28,1000
1633,128,Monitor,2024-03-24,200
1634,27,Mouse,2024-07-03,20
1635,957,Tablet,2024-02-23,300
1636,302,Keyboard,2024-01-13,30
1637,290,Laptop,2024-04-14,1000
1638,163,Camera,2024-06-28,400
1639,533,Monitor,2024-05-07,200
1640,22,Keyboard,2024-02-27,30
1641,937,Keyboard,2024-03-10,30
1642,324,Monitor,2024-06-05,200
1643,545,Printer,2024-03-12,150
1644,749,Camera,2024-02-27,400
1645,517,Laptop,2024-03-07,1000
1646,912,Tablet,2024-04-09,300
1647,821,Monitor,2024-05-13,200
1648,290,Tablet,2024-03-20,300
1649,341,Smartphone,2024-03-27,500
1650,956,Camera,2024-06-04,400
1651,900,Smartphone,2024-01-21,500
1652,92,Headphones,2024-05-29,50
1653,241,Laptop,2024-05-12,1000
1654,841,Laptop,2024-06-25,1000
1655,963,Camera,2024-05-23,400
1656,531,Tablet,2024-06-16,300
1657,461,Laptop,2024-01-31,1000
1658,38,Smartphone,2024-05-22,500
1659,403,Mouse,2024-03-25,20
1660,180,Printer,2024-04-06,150
1661,177,Monitor,2024-04-16,200
1662,823,Keyboard,2024-01-20,30
1663,920,Headphones,2024-02-11,50
1664,768,Keyboard,2024-01-01,30
1665,787,Laptop,2024-05-16,1000
1666,462,Tablet,2024-04-02,300
1667,49,Monitor,2024-05-05,200
1668,451,Monitor,2024-05-14,200
1669,862,Laptop,2024-03-01,1000
1670,128,Camera,2024-06-23,400
1671,753,Keyboard,2024-05-12,30
1672,850,Tablet,2024-03-16,300
1673,899,Headphones,2024-05-08,50
1674,813,Smartphone,2024-04-01,500
1675,148,Camera,2024-05-26,400
1676,209,Tablet,2024-02-09,300
1677,103,Keyboard,2024-01-25,30
1678,263,Headphones,2024-05-11,50
1679,871,Monitor,2024-02-01,200
1680,780,Printer,2024-05-02,150
1681,117,Keyboard,2024-04-06,30
1682,362,Headphones,2024-06-30,50
1683,205,Tablet,2024-05-27,300
1684,500,Camera,2024-03-19,400
1685,812,Printer,2024-01-24,150
1686,799,Printer,2024-06-04,150
1687,597,Mouse,2024-03-09,20
1688,905,Keyboard,2024-02-22,30
1689,213,Mouse,2024-02-28,20
1690,348,Laptop,2024-02-21,1000
1691,416,Headphones,2024-02-08,50
1692,14,Laptop,2024-01-27,1000
1693,29,Headphones,2024-06-23,50
1694,54,Headphones,2024-01-17,50
1695,819,Keyboard,2024-02-12,30
1696,970,Tablet,2024-02-26,300
1697,215,Headphones,2024-05-24,50
1698,813,Printer,2024-04-25,150
1699,938,Camera,2024-03-16,400
1700,895,Smartphone,2024-03-13,500
1701,439,Printer,2024-03-27,150
1702,177,Camera,2024-06-02,400
1703,934,Smartphone,2024-05-25,500
1704,467,Printer,2024-04-09,150
1705,723,Camera,2024-06-13,400
1706,547,Printer,2024-01-07,150
1707,455,Printer,2024-06-17,150
1708,353,Printer,2024-03-28,150
1709,806,Keyboard,2024-06-15,30
1710,490,Tablet,2024-01-24,300
1711,277,Camera,2024-02-01,400
1712,296,Keyboard,2024-06-15,30
1713,519,Camera,2024-02-23,400
1714,990,Monitor,2024-04-28,200
1715,674,Printer,2024-01-08,150
1716,178,Laptop,2024-01-05,1000
1717,441,Headphones,2024-04-15,50
1718,113,Tablet,2024-02-10,300
1719,972,Keyboard,2024-05-19,30
1720,864,Laptop,2024-05-17,1000
1721,825,Camera,2024-06-12,400
1722,652,Printer,2024-06-24,150
1723,889,Printer,2024-04-16,150
1724,11,Monitor,2024-05-25,200
1725,552,Camera,2024-03-10,400
1726,141,Laptop,2024-02-08,1000
1727,721,Mouse,2024-01-28,20
1728,105,Keyboard,2024-04-04,30
1729,205,Monitor,2024-06-03,200
1730,312,Headphones,2024-01-19,50
1731,583,Mouse,2024-06-05,20
1732,94,Laptop,2024-01-19,1000
1733,597,Laptop,2024-02-21,1000
1734,467,Laptop,2024-05-22,1000
1735,914,Headphones,2024-04-29,50
1736,896,Tablet,2024-01-11,300
1737,82,Headphones,2024-06-16,50
1738,195,Mouse,2024-01-04,20
1739,290,Smartphone,2024-01-03,500
1740,613,Tablet,2024-02-01,300
1741,218,Mouse,2024-02-14,20
1742,397,Laptop,2024-04-19,1000
1743,592,Mouse,2024-01-06,20
1744,465,Camera,2024-04-16,400
1745,967,Laptop,2024-04-13,1000
1746,657,Laptop,2024-02-22,1000
1747,262,Smartphone,2024-06-05,500
1748,439,Laptop,2024-04-23,1000
1749,589,Monitor,2024-02-05,200
1750,521,Mouse,2024-02-06,20
1751,231,Monitor,2024-04-19,200
1752,778,Smartphone,2024-03-06,500
1753,788,Headphones,2024-01-12,50
1754,374,Keyboard,2024-03-13,30
1755,441,Tablet,2024-06-17,300
1756,670,Monitor,2024-02-21,200
1757,403,Headphones,2024-03-29,50
1758,876,Mouse,2024-03-05,20
1759,526,Tablet,2024-06-30,300
1760,85,Printer,2024-02-26,150
1761,656,Headphones,2024-01-10,50
1762,958,Tablet,2024-03-16,300
1763,964,Monitor,2024-01-03,200
1764,548,Headphones,2024-06-02,50
1765,179,Mouse,2024-02-08,20
1766,757,Tablet,2024-04-10,300
1767,13,Headphones,2024-06-22,50
1768,717,Printer,2024-06-16,150
1769,818,Tablet,2024-03-14,300
1770,33,Laptop,2024-01-31,1000
1771,346,Smartphone,2024-06-06,500
1772,156,Headphones,2024-05-19,50
1773,170,Printer,2024-03-18,150
1774,600,Printer,2024-05-07,150
1775,608,Printer,2024-03-05,150
1776,20,Printer,2024-03-11,150
1777,639,Laptop,2024-06-26,1000
1778,740,Camera,2024-05-21,400
1779,237,Smartphone,2024-06-19,500
1780,32,Printer,2024-01-01,150
1781,16,Headphones,2024-04-18,50
1782,242,Printer,2024-03-04,150
1783,977,Smartphone,2024-07-01,500
1784,973,Keyboard,2024-06-21,30
1785,264,Keyboard,2024-03-26,30
1786,70,Laptop,2024-05-02,1000
1787,953,Laptop,2024-06-24,1000
1788,614,Smartphone,2024-01-13,500
1789,658,Headphones,2024-04-05,50
1790,411,Smartphone,2024-01-15,500
1791,205,Tablet,2024-02-24,300
1792,372,Camera,2024-03-24,400
1793,214,Camera,2024-06-26,400
1794,161,Tablet,2024-06-04,300
1795,990,Printer,2024-06-29,150
1796,904,Laptop,2024-02-26,1000
1797,578,Tablet,2024-05-28,300
1798,457,Monitor,2024-06-05,200
1799,812,Smartphone,2024-04-06,500
1800,287,Tablet,2024-03-01,300
1801,916,Tablet,2024-07-01,300
1802,329,Laptop,2024-02-26,1000
1803,955,Printer,2024-05-03,150
1804,578,Smartphone,2024-03-27,500
1805,611,Monitor,2024-05-21,200
1806,991,Printer,2024-05-08,150
1807,730,Monitor,2024-01-22,200
1808,349,Camera,2024-04-26,400
1809,663,Mouse,2024-04-07,20
1810,520,Monitor,2024-01-28,200
1811,769,Keyboard,2024-01-14,30
1812,778,Tablet,2024-02-26,300
1813,198,Camera,2024-06-15,400
1814,197,Headphones,2024-04-03,50
1815,956,Laptop,2024-04-08,1000
1816,965,Smartphone,2024-05-20,500
1817,763,Monitor,2024-01-10,200
1818,910,Smartphone,2024-07-03,500
1819,440,Mouse,2024-04-10,20
1820,963,Tablet,2024-02-12,300
1821,332,Headphones,2024-07-03,50
1822,555,Headphones,2024-06-10,50
1823,454,Printer,2024-02-04,150
1824,294,Printer,2024-01-27,150
1825,209,Mouse,2024-01-17,20
1826,18,Camera,2024-01-06,400
1827,360,Keyboard,2024-05-29,30
1828,68,Tablet,2024-02-24,300
1829,305,Laptop,2024-01-07,1000
1830,756,Mouse,2024-04-12,20
1831,386,Headphones,2024-04-27,50
1832,508,Camera,2024-02-27,400
1833,654,Smartphone,2024-06-09,500
1834,485,Headphones,2024-05-01,50
1835,443,Mouse,2024-03-16,20
1836,464,Mouse,2024-04-22,20
1837,188,Laptop,2024-07-02,1000
1838,34,Laptop,2024-02-22,1000
1839,652,Mouse,2024-06-02,20
1840,260,Laptop,2024-04-18,1000
1841,730,Monitor,2024-04-03,200
1842,895,Mouse,2024-03-13,20
1843,49,Tablet,2024-06-04,300
1844,349,Smartphone,2024-07-01,500
1845,621,Printer,2024-01-04,150
1846,200,Laptop,2024-02-21,1000
1847,618,Tablet,2024-05-31,300
1848,977,Tablet,2024-06-04,300
1849,604,Camera,2024-05-31,400
1850,151,Printer,2024-05-15,150
1851,441,Camera,2024-05-04,400
1852,194,Keyboard,2024-07-03,30
1853,233,Monitor,2024-02-17,200
1854,381,Mouse,2024-06-23,20
1855,619,Headphones,2024-05-25,50
1856,365,Mouse,2024-03-21,20
1857,220,Tablet,2024-04-20,300
1858,422,Tablet,2024-05-25,300
1859,631,Monitor,2024-02-13,200
1860,695,Smartphone,2024-05-28,500
1861,534,Monitor,2024-02-19,200
1862,753,Monitor,2024-05-01,200
1863,80,Monitor,2024-02-25,200
1864,448,Laptop,2024-03-20,1000
1865,56,Printer,2024-03-25,150
1866,956,Tablet,2024-05-08,300
1867,385,Printer,2024-01-16,150
1868,655,Monitor,2024-06-22,200
1869,359,Laptop,2024-04-24,1000
1870,798,Headphones,2024-02-27,50
1871,432,Laptop,2024-02-24,1000
1872,30,Monitor,2024-02-19,200
1873,906,Laptop,2024-06-30,1000
1874,25,Laptop,2024-04-17,1000
1875,820,Smartphone,2024-04-12,500
1876,547,Printer,2024-03-21,150
1877,375,Smartphone,2024-01-12,500
1878,963,Printer,2024-02-07,150
1879,507,Keyboard,2024-04-01,30
1880,397,Printer,2024-06-17,150
1881,975,Mouse,2024-02-12,20
1882,808,Keyboard,2024-01-31,30
1883,975,Camera,2024-02-03,400
1884,331,Camera,2024-01-07,400
1885,508,Printer,2024-02-06,150
1886,513,Headphones,2024-05-28,50
1887,855,Camera,2024-03-28,400
1888,590,Printer,2024-03-07,150
1889,67,Headphones,2024-02-22,50
1890,280,Tablet,2024-04-01,300
1891,545,Printer,2024-04-13,150
1892,649,Headphones,2024-04-03,50
1893,815,Monitor,2024-01-18,200
1894,990,Headphones,2024-06-04,50
1895,54,Laptop,2024-02-16,1000
1896,506,Headphones,2024-01-29,50
1897,401,Keyboard,2024-01-28,30
1898,866,Mouse,2024-03-28,20
1899,385,Camera,2024-02-13,400
1900,389,Monitor,2024-01-07,200
1901,225,Tablet,2024-02-29,300
1902,959,Laptop,2024-05-12,1000
1903,204,Mouse,2024-03-22,20
1904,229,Monitor,2024-02-13,200
1905,227,Monitor,2024-04-21,200
1906,69,Smartphone,2024-05-13,500
1907,863,Keyboard,2024-02-23,30
1908,87,Keyboard,2024-02-11,30
1909,580,Camera,2024-02-17,400
1910,147,Monitor,2024-03-21,200
1911,371,Camera,2024-05-03,400
1912,430,Laptop,2024-05-22,1000
1913,355,Camera,2024-03-11,400
1914,910,Headphones,2024-03-01,50
1915,656,Headphones,2024-07-03,50
1916,846,Mouse,2024-03-16,20
1917,886,Laptop,2024-05-04,1000
1918,730,Keyboard,2024-03-10,30
1919,848,Camera,2024-02-06,400
1920,869,Mouse,2024-01-19,20
1921,89,Tablet,2024-02-18,300
1922,890,Printer,2024-02-06,150
1923,514,Keyboard,2024-04-13,30
1924,585,Tablet,2024-01-09,300
1925,780,Smartphone,2024-04-17,500
1926,97,Monitor,2024-02-17,200
1927,776,Printer,2024-06-30,150
1928,648,Laptop,2024-03-02,1000
1929,209,Tablet,2024-06-25,300
1930,793,Smartphone,2024-04-18,500
1931,340,Camera,2024-06-24,400
1932,958,Laptop,2024-02-22,1000
1933,92,Tablet,2024-05-22,300
1934,990,Headphones,2024-01-28,50
1935,631,Tablet,2024-05-19,300
1936,255,Headphones,2024-02-04,50
1937,831,Tablet,2024-05-09,300
1938,199,Headphones,2024-06-13,50
1939,854,Monitor,2024-05-03,200
1940,376,Mouse,2024-01-24,20
1941,223,Keyboard,2024-03-10,30
1942,393,Tablet,2024-05-28,300
1943,854,Camera,2024-05-08,400
1944,831,Smartphone,2024-02-21,500
1945,258,Laptop,2024-03-05,1000
1946,18,Keyboard,2024-06-11,30
1947,339,Camera,2024-04-27,400
1948,8,Headphones,2024-03-09,50
1949,839,Camera,2024-03-28,400
1950,2,Tablet,2024-01-17,300
1951,646,Camera,2024-02-17,400
1952,263,Laptop,2024-03-17,1000
1953,586,Printer,2024-06-29,150
1954,141,Laptop,2024-07-03,1000
1955,640,Headphones,2024-05-09,50
1956,651,Headphones,2024-05-22,50
1957,648,Tablet,2024-01-21,300
1958,387,Camera,2024-05-26,400
1959,178,Monitor,2024-01-29,200
1960,117,Keyboard,2024-03-11,30
1961,627,Tablet,2024-04-21,300
1962,358,Smartphone,2024-04-28,500
1963,954,Headphones,2024-05-02,50
1964,506,Smartphone,2024-04-16,500
1965,166,Mouse,2024-02-28,20
1966,907,Laptop,2024-03-02,1000
1967,232,Camera,2024-04-12,400
1968,483,Headphones,2024-05-16,50
1969,930,Monitor,2024-05-01,200
1970,516,Smartphone,2024-04-06,500
1971,67,Camera,2024-02-09,400
1972,358,Tablet,2024-06-29,300
1973,297,Mouse,2024-06-29,20
1974,438,Laptop,2024-01-07,1000
1975,477,Monitor,2024-02-13,200
1976,898,Monitor,2024-01-22,200
1977,233,Printer,2024-01-08,150
1978,300,Keyboard,2024-01-26,30
1979,688,Laptop,2024-01-03,1000
1980,774,Headphones,2024-06-13,50
1981,176,Laptop,2024-04-13,1000
1982,1,Printer,2024-05-27,150
1983,265,Printer,2024-04-25,150
1984,411,Smartphone,2024-05-11,500
1985,957,Keyboard,2024-01-23,30
1986,26,Headphones,2024-01-22,50
1987,102,Headphones,2024-05-29,50
1988,895,Tablet,2024-05-18,300
1989,872,Headphones,2024-04-04,50
1990,381,Smartphone,2024-02-11,500
1991,406,Laptop,2024-03-08,1000
1992,102,Tablet,2024-03-04,300
1993,463,Printer,2024-05-22,150
1994,898,Tablet,2024-04-05,300
1995,84,Tablet,2024-04-12,300
1996,937,Monitor,2024-01-21,200
1997,677,Tablet,2024-05-29,300
1998,86,Smartphone,2024-04-28,500
1999,324,Laptop,2024-03-14,1000
2000,715,Tablet,2024-05-05,300
